{
  "project_info": {
    "project_number": "730950233336",
    "project_id": "lf9ekdc0pm6h9k59274xubm5mj7p79",
    "storage_bucket": "lf9ekdc0pm6h9k59274xubm5mj7p79.firebasestorage.app"
  },
  "client": [
    {
      "client_info": {
        "mobilesdk_app_id": "1:730950233336:android:5e99a31ac94f89e6a19f0d",
        "android_client_info": {
          "package_name": "in.innovateria.mediminder"
        }
      },
      "oauth_client": [],
      "api_key": [
        {
          "current_key": "AIzaSyAAlRSMp19RpacURG3mHvupZ5eC6zv5C_k"
        }
      ],
      "services": {
        "appinvite_service": {
          "other_platform_oauth_client": []
        }
      }
    }
  ],
  "configuration_version": "1"
}